{
   "Premium":[
      {
         "Category":0,
         "Ip":"e9413.g.akamaiedge.net.23prmsg1.my-ultimatevpn.com",
         "udp":"0",
         "Flag":"sg",
         "Name":"[Server] SINGAPORE (Streaming)"
      },
      {
         "Category":0,
         "Ip":"e9413.g.akamaiedge.net.23prmus1.my-ultimatevpn.com",
         "udp":"0",
         "Flag":"us",
         "Name":"[Server] United States (Streaming)"
      },
      {
         "Category":0,
         "Ip":"e9413.g.akamaiedge.net.23prmus2.my-ultimatevpn.com",
         "udp":"0",
         "Flag":"in",
         "Name":"[Server] India (Streaming)"
      }
   ],
   "Vip":[
      {
         "Category":1,
         "Ip":"e9413.g.akamaiedge.net.23vipust.my-ultimatevpn.com",
         "udp":"0",
         "Flag":"us",
         "Name":"[Server] United States (Netflix)"
      },
      {
         "Category":1,
         "Ip":"e9413.g.akamaiedge.net.23vipsg1.my-ultimatevpn.com",
         "udp":"0",
         "Flag":"sg",
         "Name":"[Server] SINGAPORE (Streaming)"
      },
      {
         "Category":1,
         "Ip":"e9413.g.akamaiedge.net.23vipph1.my-ultimatevpn.com",
         "udp":"0",
         "Flag":"ph",
         "Name":"[Server] PHILIPPINES (Streaming)"
      }
   ],
   "Private":[
      {
         "Category":2,
         "Ip":"e9413.g.akamaiedge.net.23prvsg1.my-ultimatevpn.com",
         "udp":"0",
         "Flag":"sg",
         "Name":"[Server] Singapore 1 (Streaming)"
      },
      {
         "Category":2,
         "Ip":"e9413.g.akamaiedge.net.23prvsg2.my-ultimatevpn.com",
         "udp":"0",
         "Flag":"sg",
         "Name":"[Server] Singapore 2 (Streaming)"
      },
      {
         "Category":2,
         "Ip":"e9413.g.akamaiedge.net.23prvsg3.my-ultimatevpn.com",
         "udp":"0",
         "Flag":"sg",
         "Name":"[Server] Singapore (GamingTest)"
      }
   ],
   "categ":[
      {
         "Name":"Premium",
         "Category":0
      },
      {
         "Name":"VIP",
         "Category":1
      },
      {
         "Name":"Private",
         "Category":2
      }
   ],
   "Networks":[
      {
         "Name":"[Payload] GLOBE & TM PROMO 1",
         "Proxy":"0",
         "Port":"3128",
         "Network":"globe",
         "Payload":"alSfSA0fVACOgVe4yw2HgASJeWGRtXe22VtlxQ7YNCKyIJgsJ3B6Bw==",
         "Message":"Any GLOBE/TM promo with DATA MB"
      },
      {
         "Name":"[Payload] GLOBE & TM PROMO 2",
         "Proxy":"1",
         "Port":"3128",
         "Network":"globe",
         "Payload":"alSfSA0fVACOgVe4yw2HgASJeWGRtXe22VtlxQ7YNCKyIJgsJ3B6Bw==",
         "Message":"Any GLOBE/TM promo with DATA MB"
      },
      {
         "Name":"[Payload] GLOBE & TM PROMO 3",
         "Proxy":"2",
         "Port":"3128",
         "Network":"globe",
         "Payload":"alSfSA0fVACOgVe4yw2HgASJeWGRtXe22VtlxQ7YNCKyIJgsJ3B6Bw==",
         "Message":"Any GLOBE/TM promo with DATA MB"
      },
      {
         "Name":"[Payload] SUN FixLoadPlan300 1",
         "Proxy":"0",
         "Port":"3128",
         "Network":"sun",
         "Payload":"mPJ6vohlHXvse/SV17+vA4hEQjufYA09crLwIbZSCds73r1nI3V8rFAxz2G4qaz2ehvgQDq6WVA=",
         "Message":"SUN FixLoadPlan300 Only"
      },
      {
         "Name":"[Payload] SUN FixLoadPlan300 2",
         "Proxy":"0",
         "Port":"3128",
         "Network":"sun",
         "Payload":"vcOdCQIi+qqJNn6ag6K+5GVrR0S2ggaA1J3mP0zRPVgwcQtfZZ6tcA==",
         "Message":"SUN FixLoadPlan300 Only"
      },
      {
         "Name":"[Payload] STS TIKTOK STORIES 1",
         "Proxy":"0",
         "Port":"3128",
         "Network":"smart",
         "Payload":"PijNZ+UbwkbDD5tksno/tRdV6CiSdLQzE8/2MtSYz44LSN1jAuFmUUOttND9Oj2A",
         "Message":"Smart/Tnt/Sun Tiktok/Stories promo"
      },
      {
         "Name":"[Payload] STS TIKTOK STORIES 2",
         "Proxy":"0",
         "Port":"3128",
         "Network":"smart",
         "Payload":"XOkCBrinRK4DAAphU0Xn70CtLkbz7jsUkXPNZO1XHhc=",
         "Message":"Smart/Tnt/Sun Tiktok/Stories promo"
      },
      {
         "Name":"[Payload] TM  ML10/FB10  Promo",
         "Proxy":"0",
         "Port":"3128",
         "Network":"tm",
         "Payload":"6BDpEnTBwHVKTKgQkIHQeSOL+/+z2mjjWmynXu4/5/7k7OjZprBC+w==",
         "Message":"TM  ML10/FB10  Promo"
      }
   ],
   "Version":[
      {
         "Name":"4.58"
      }
   ]
}
